child,field,parent,type,nullable,parentCardinality,childCardinality,relationshipName,childRelationshipName,cascadeDelete,restrictedDelete
copado__Project__c,copado__Deployment_Flow__c,copado__Deployment_Flow__c,Lookup,True,0..1,0..N,copado__Deployment_Flow__r,copado__Projects__r,False,False
copado__Release__c,copado__Project__c,copado__Project__c,Lookup,True,0..1,0..N,copado__Project__r,copado__Releases__r,False,False
copado__Release__c,copado__Parent_Release__c,copado__Release__c,Lookup,True,0..1,0..N,copado__Parent_Release__r,copado__Releases__r,False,False
copado__Release__c,copado__Artifact_User_Story__c,copado__User_Story__c,Lookup,True,0..1,0..N,copado__Artifact_User_Story__r,copado__Releases__r,False,False
copado__Release__c,copado__Environment__c,copado__Environment__c,Lookup,True,0..1,0..N,copado__Environment__r,copado__Releases__r,False,False
copado__User_Story__c,copado__Environment__c,copado__Environment__c,Lookup,True,0..1,0..N,copado__Environment__r,copado__User_Stories__r,False,False
copado__User_Story__c,copado__Epic__c,copado__Epic__c,Lookup,True,0..1,0..N,copado__Epic__r,copado__User_Stories__r,False,False
copado__User_Story__c,copado__Last_Validation_Deployment__c,copado__Deployment__c,Lookup,True,0..1,0..N,copado__Last_Validation_Deployment__r,copado__User_Stories__r,False,False
copado__User_Story__c,copado__Last_Validation_Promotion__c,copado__Promotion__c,Lookup,True,0..1,0..N,copado__Last_Validation_Promotion__r,copado__User_Stories__r,False,False
copado__User_Story__c,copado__Org_Credential__c,copado__Org__c,Lookup,True,0..1,0..N,copado__Org_Credential__r,copado__User_Stories__r,False,False
copado__User_Story__c,copado__Project__c,copado__Project__c,Lookup,True,0..1,0..N,copado__Project__r,copado__User_Stories__r,False,False
copado__User_Story__c,copado__Release__c,copado__Release__c,Lookup,True,0..1,0..N,copado__Release__r,copado__User_Stories__r,False,False
copado__User_Story__c,copado__Sprint__c,copado__Sprint__c,Lookup,True,0..1,0..N,copado__Sprint__r,copado__User_Stories__r,False,False
copado__User_Story__c,copado__Team__c,copado__Team__c,Lookup,True,0..1,0..N,copado__Team__r,copado__User_Stories__r,False,False
copado__Epic__c,copado__Release__c,copado__Release__c,Lookup,True,0..1,0..N,copado__Release__r,copado__Epics__r,False,False
copado__Sprint__c,copado__Project__c,copado__Project__c,Lookup,True,0..1,0..N,copado__Project__r,copado__Sprints__r,False,False
copado__Sprint__c,copado__Release__c,copado__Release__c,Lookup,True,0..1,0..N,copado__Release__r,copado__Sprints__r,False,False
copado__Sprint__c,copado__Team__c,copado__Team__c,Lookup,True,0..1,0..N,copado__Team__r,copado__Sprints__r,False,False
copado__User_Story_Task__c,copado__User_Story__c,copado__User_Story__c,Master-Detail,False,1,0..N,copado__User_Story__r,copado__User_Story_Tasks__r,True,False
copado__User_Story_Commit__c,copado__User_Story__c,copado__User_Story__c,Master-Detail,False,1,0..N,copado__User_Story__r,copado__User_Story_Commits__r,True,False
copado__User_Story_Commit__c,copado__Snapshot_Commit__c,copado__Git_Org_Commit__c,Master-Detail,False,1,0..N,copado__Snapshot_Commit__r,copado__User_Story_Commits__r,True,False
copado__User_Story_Metadata__c,copado__User_Story__c,copado__User_Story__c,Master-Detail,False,1,0..N,copado__User_Story__r,copado__User_Story_Metadata__r,True,False
copado__Git_Org_Commit__c,copado__Org__c,copado__Org__c,Master-Detail,False,1,0..N,copado__Org__r,copado__Git_Org_Commits__r,True,False
copado__Git_Org_Commit__c,copado__Git_Backup__c,copado__Git_Backup__c,Lookup,True,0..1,0..N,copado__Git_Backup__r,copado__Git_Org_Commits__r,False,False
copado__Git_Backup__c,copado__Git_Repository__c,copado__Git_Repository__c,Master-Detail,False,1,0..N,copado__Git_Repository__r,copado__Git_Backups__r,True,False
copado__Git_Backup__c,copado__Org__c,copado__Org__c,Master-Detail,False,1,0..N,copado__Org__r,copado__Git_Backups__r,True,False
copado__Git_Backup__c,copado__Pipeline__c,copado__Deployment_Flow__c,Lookup,True,0..1,0..N,copado__Pipeline__r,copado__Git_Snapshots__r,False,False
copado__Promotion__c,copado__Destination_Environment__c,copado__Environment__c,Lookup,True,0..1,0..N,copado__Destination_Environment__r,copado__Promotions1__r,False,False
copado__Promotion__c,copado__Destination_Org_Credential__c,copado__Org__c,Lookup,True,0..1,0..N,copado__Destination_Org_Credential__r,copado__Promotions2__r,False,False
copado__Promotion__c,copado__Project__c,copado__Project__c,Lookup,True,0..1,0..N,copado__Project__r,copado__Promotions__r,False,False
copado__Promotion__c,copado__Release__c,copado__Release__c,Lookup,True,0..1,0..N,copado__Release__r,copado__Promotions__r,False,False
copado__Promotion__c,copado__Source_Environment__c,copado__Environment__c,Lookup,True,0..1,0..N,copado__Source_Environment__r,copado__Promotions__r,False,True
copado__Promotion__c,copado__Source_Org_Credential__c,copado__Org__c,Lookup,True,0..1,0..N,copado__Source_Org_Credential__r,copado__Promotions1__r,False,False
copado__Promotion__c,copado__Pipeline__c,copado__Deployment_Flow__c,Lookup,True,0..1,0..N,copado__Pipeline__r,copado__Promotions__r,False,False
copado__Promoted_User_Story__c,copado__User_Story__c,copado__User_Story__c,Master-Detail,False,1,0..N,copado__User_Story__r,copado__Promoted_User_Stories__r,True,False
copado__Promoted_User_Story__c,copado__Promotion__c,copado__Promotion__c,Master-Detail,False,1,0..N,copado__Promotion__r,copado__Promoted_User_Stories__r,True,False
copado__Deployment__c,copado__From_Org__c,copado__Org__c,Lookup,True,0..1,0..N,copado__From_Org__r,copado__Deployments_From_Org__r,False,False
copado__Deployment__c,copado__Parent_Deployment__c,copado__Deployment__c,Lookup,True,0..1,0..N,copado__Parent_Deployment__r,copado__Deployments__r,False,False
copado__Deployment__c,copado__Promotion__c,copado__Promotion__c,Lookup,True,0..1,0..N,copado__Promotion__r,copado__Deployments__r,False,False
copado__Deployment__c,copado__Template__c,copado__Deployment__c,Lookup,True,0..1,0..N,copado__Template__r,copado__Templates__r,False,False
copado__Deployment__c,copado__Rolled_back_Deployment__c,copado__Deployment__c,Lookup,True,0..1,0..N,copado__Rolled_back_Deployment__r,copado__RolledBackDeployments__r,False,False
copado__Deployment_Flow__c,copado__CommitJobTemplate__c,copado__JobTemplate__c,Lookup,True,0..1,0..N,copado__CommitJobTemplate__r,copado__Pipelines2__r,False,False
copado__Deployment_Flow__c,copado__Deployment_Job_Template__c,copado__JobTemplate__c,Lookup,True,0..1,0..N,copado__Deployment_Job_Template__r,copado__Pipelines1__r,False,False
copado__Deployment_Flow__c,copado__Git_Repository__c,copado__Git_Repository__c,Lookup,True,0..1,0..N,copado__Git_Repository__r,copado__Deployment_Flows__r,False,False
copado__Deployment_Flow__c,copado__Promotion_Job_Template__c,copado__JobTemplate__c,Lookup,True,0..1,0..N,copado__Promotion_Job_Template__r,copado__Pipelines__r,False,False
copado__Deployment_Flow_Step__c,copado__Deployment_Flow__c,copado__Deployment_Flow__c,Master-Detail,False,1,0..N,copado__Deployment_Flow__r,copado__Deployment_Flow_Steps__r,True,False
copado__Deployment_Flow_Step__c,copado__Destination_Environment__c,copado__Environment__c,Lookup,True,0..1,0..N,copado__Destination_Environment__r,copado__Deployment_Flow_Steps1__r,False,False
copado__Deployment_Flow_Step__c,copado__Source_Environment__c,copado__Environment__c,Lookup,True,0..1,0..N,copado__Source_Environment__r,copado__Deployment_Flow_Steps__r,False,True
copado__Deployment_Flow_Step__c,copado__Stage_Connection__c,copado__Stage_Connection__c,Lookup,True,0..1,0..N,copado__Stage_Connection__r,copado__Stage_Connections__r,False,False
copado__Environment__c,copado__CommitJobTemplateOverride__c,copado__JobTemplate__c,Lookup,True,0..1,0..N,copado__CommitJobTemplateOverride__r,copado__Environments2__r,False,False
copado__Environment__c,copado__Deployment_Job_Template_Override__c,copado__JobTemplate__c,Lookup,True,0..1,0..N,copado__Deployment_Job_Template_Override__r,copado__Environments1__r,False,False
copado__Environment__c,copado__Latest_Deployment__c,copado__Deployment__c,Lookup,True,0..1,0..N,copado__Latest_Deployment__r,copado__Environments__r,False,False
copado__Environment__c,copado__Promotion_Job_Template_Override__c,copado__JobTemplate__c,Lookup,True,0..1,0..N,copado__Promotion_Job_Template_Override__r,copado__Environments__r,False,False
copado__Org__c,copado__Developer_Hub_Org__c,copado__Org__c,Lookup,True,0..1,0..N,copado__Developer_Hub_Org__r,copado__Org_Credentials__r,False,False
copado__Org__c,copado__Environment__c,copado__Environment__c,Lookup,True,0..1,0..N,copado__Environment__r,copado__Org_Credentials__r,False,False
copado__Stage_Connection__c,copado__Pipeline__c,copado__Deployment_Flow__c,Master-Detail,False,1,0..N,copado__Pipeline__r,copado__Pipeline_Stages__r,True,False
copado__Stage_Connection__c,copado__Stage__c,copado__Stage__c,Master-Detail,False,1,0..N,copado__Stage__r,copado__Pipeline_Stages__r,True,False
copado__Stage_Connection__c,copado__Next_Stage_Connection__c,copado__Stage_Connection__c,Lookup,True,0..1,0..N,copado__Next_Stage_Connection__r,copado__Next_Stage_Connections__r,False,False
copado__JobExecution__c,copado__Deployment__c,copado__Deployment__c,Lookup,True,0..1,0..N,copado__Deployment__r,copado__JobExecutions__r,False,False
copado__JobExecution__c,copado__Destination__c,copado__Environment__c,Lookup,True,0..1,0..N,copado__Destination__r,copado__Job_Executions1__r,False,False
copado__JobExecution__c,copado__Pipeline__c,copado__Deployment_Flow__c,Lookup,True,0..1,0..N,copado__Pipeline__r,copado__JobExecutions__r,False,False
copado__JobExecution__c,copado__Promotion__c,copado__Promotion__c,Lookup,True,0..1,0..N,copado__Promotion__r,copado__JobExecutions__r,False,False
copado__JobExecution__c,copado__Snapshot__c,copado__Git_Backup__c,Lookup,True,0..1,0..N,copado__Snapshot__r,copado__Job_Executions__r,False,False
copado__JobExecution__c,copado__Source__c,copado__Environment__c,Lookup,True,0..1,0..N,copado__Source__r,copado__Job_Executions__r,False,False
copado__JobExecution__c,copado__Template__c,copado__JobTemplate__c,Lookup,True,0..1,0..N,copado__Template__r,copado__JobExecutions__r,False,False
copado__JobExecution__c,copado__UserStoryCommit__c,copado__User_Story_Commit__c,Lookup,True,0..1,0..N,copado__UserStoryCommit__r,copado__JobExecutions__r,False,False
copado__JobExecution__c,copado__Job_Step__c,copado__JobStep__c,Lookup,True,0..1,0..N,copado__Job_Step__r,copado__Job_Executions__r,False,False
copado__JobStep__c,copado__JobExecution__c,copado__JobExecution__c,Lookup,True,0..1,0..N,copado__JobExecution__r,copado__JobSteps__r,False,True
copado__JobStep__c,copado__JobTemplate__c,copado__JobTemplate__c,Lookup,True,0..1,0..N,copado__JobTemplate__r,copado__JobSteps__r,False,True
copado__JobStep__c,copado__Result__c,copado__Result__c,Lookup,True,0..1,0..N,copado__Result__r,copado__JobSteps__r,False,False
copado__JobStep__c,copado__UserStory__c,copado__User_Story__c,Lookup,True,0..1,0..N,copado__UserStory__r,copado__JobSteps__r,False,False
copado__JobStep__c,copado__Quality_Gate_Rule_Condition__c,copado__Quality_Gate_Rule_Condition__c,Lookup,True,0..1,0..N,copado__Quality_Gate_Rule_Condition__r,copado__Job_Steps__r,False,False
copado__JobStep__c,copado__Quality_Gate_Rule__c,copado__Quality_Gate_Rule__c,Lookup,True,0..1,0..N,copado__Quality_Gate_Rule__r,copado__Job_Steps__r,False,False
copado__Result__c,copado__Deployment__c,copado__Deployment__c,Lookup,True,0..1,0..N,copado__Deployment__r,copado__Results__r,False,False
copado__Result__c,copado__Function__c,copado__Function__c,Lookup,True,0..1,0..N,copado__Function__r,copado__Results__r,False,False
copado__Result__c,copado__JobStep__c,copado__JobStep__c,Lookup,True,0..1,0..N,copado__JobStep__r,copado__Results__r,False,False
copado__Result__c,copado__Promotion__c,copado__Promotion__c,Lookup,True,0..1,0..N,copado__Promotion__r,copado__Results__r,False,False
copado__Result__c,copado__Test__c,copado__Test__c,Lookup,True,0..1,0..N,copado__Test__r,copado__Results__r,False,False
copado__Result__c,copado__User_Story__c,copado__User_Story__c,Lookup,True,0..1,0..N,copado__User_Story__r,copado__Result__r,False,False
copado__Quality_Gate_Rule_Condition__c,copado__Quality_Gate_Rule__c,copado__Quality_Gate_Rule__c,Master-Detail,False,1,0..N,copado__Quality_Gate_Rule__r,copado__Quality_Gate_Rule_Conditions__r,True,False
copado__Quality_Gate_Rule_Condition__c,copado__Environment__c,copado__Environment__c,Lookup,True,0..1,0..N,copado__Environment__r,copado__Quality_Gate_Rule_Conditions__r,False,False
copado__Quality_Gate_Rule_Condition__c,copado__Pipeline__c,copado__Deployment_Flow__c,Lookup,True,0..1,0..N,copado__Pipeline__r,copado__Quality_Gate_Rule_Conditions__r,False,False
copado__Quality_Gate_Rule_Condition__c,copado__Extension_Configuration__c,copado__ExtensionConfiguration__c,Lookup,False,1,0..N,copado__Extension_Configuration__r,copado__Quality_Gate_Rule_Conditions__r,False,True
copado__Quality_Gate_Rule_Condition__c,copado__Stage__c,copado__Stage__c,Lookup,True,0..1,0..N,copado__Stage__r,copado__Quality_Gate_Rule_Conditions__r,False,False
copado__Test__c,copado__User_Story__c,copado__User_Story__c,Lookup,True,0..1,0..N,copado__User_Story__r,copado__Tests__r,False,True
copado__Test__c,copado__Integration__c,copado__ExtensionConfiguration__c,Lookup,True,0..1,0..N,copado__Integration__r,copado__Tests__r,False,False
copado__Test__c,copado__ExtensionConfiguration__c,copado__ExtensionConfiguration__c,Lookup,True,0..1,0..N,copado__ExtensionConfiguration__r,copado__ChildTests__r,False,False
copado__Test__c,copado__LatestJobExecution__c,copado__JobExecution__c,Lookup,True,0..1,0..N,copado__LatestJobExecution__r,copado__Tests__r,False,False
copado__Test__c,copado__Promotion__c,copado__Promotion__c,Lookup,True,0..1,0..N,copado__Promotion__r,copado__Tests__r,False,True
copado__ExtensionConfiguration__c,copadoQuality__Latest_Job_Execution__c,copado__JobExecution__c,Lookup,True,0..1,0..N,copadoQuality__Latest_Job_Execution__r,copadoQuality__Extension_Configurations__r,False,False
copado__Automation_Rule__c,copado__Pipeline__c,copado__Deployment_Flow__c,Master-Detail,False,1,0..N,copado__Pipeline__r,copado__Automation_Rules__r,True,False
copado__Automation_Rule__c,copado__Quality_Gate_Rule_Condition__c,copado__Quality_Gate_Rule_Condition__c,Lookup,True,0..1,0..N,copado__Quality_Gate_Rule_Condition__r,copado__Automation_Rules__r,False,False
copado__Artifact__c,copado__Artifact_Repository__c,copado__Git_Repository__c,Lookup,True,0..1,0..N,copado__Artifact_Repository__r,copado__Artifacts__r,False,True
copado__Artifact__c,copado__Artifact_Version__c,copado__Artifact_Version__c,Lookup,True,0..1,0..N,copado__Artifact_Version__r,copado__Artifacts__r,False,False
copado__Artifact__c,copado__Org_Credential__c,copado__Org__c,Lookup,True,0..1,0..N,copado__Org_Credential__r,copado__Artifacts__r,False,False
copado__Artifact__c,copado__Pipeline__c,copado__Deployment_Flow__c,Lookup,True,0..1,0..N,copado__Pipeline__r,copado__Packages__r,False,False
copado__Artifact__c,copado__Target_Dev_Hub_Org__c,copado__Org__c,Lookup,True,0..1,0..N,copado__Target_Dev_Hub_Org__r,copado__packageArtifacts__r,False,True
copado__Artifact_Version__c,copado__Artifact__c,copado__Artifact__c,Master-Detail,False,1,0..N,copado__Artifact__r,copado__Artifact_Versions__r,True,False
copado__Artifact_Version__c,copado__Release__c,copado__Release__c,Lookup,True,0..1,0..N,copado__Release__r,copado__Artifact_Versions__r,False,False
copado__Artifact_Version__c,copado__User_Story__c,copado__User_Story__c,Lookup,True,0..1,0..N,copado__User_Story__r,copado__Bundle_Versions__r,False,False
copado__Artifact_Dependency__c,copado__Dependent_Artifact__c,copado__Artifact__c,Master-Detail,False,1,0..N,copado__Dependent_Artifact__r,copado__Artifact_Dependencies__r,True,False
copado__Artifact_Dependency__c,copado__Depending_Artifact_Version__c,copado__Artifact_Version__c,Lookup,True,0..1,0..N,copado__Depending_Artifact_Version__r,copado__Artifact_Dependencies__r,False,False
copado__Artifact_Dependency__c,copado__Depending_Artifact__c,copado__Artifact__c,Lookup,True,0..1,0..N,copado__Depending_Artifact__r,copado__Artifact_Dependencies1__r,False,False
copado__Installed_Artifact_Version__c,copado__Package_Version__c,copado__Artifact_Version__c,Master-Detail,False,1,0..N,copado__Package_Version__r,copado__Installed_Package_Versions__r,True,False
copado__Installed_Artifact_Version__c,copado__Environment__c,copado__Environment__c,Master-Detail,False,1,0..N,copado__Environment__r,copado__Installed_Package_Versions__r,True,False
copado__Bundled_Story__c,copado__Package_Version__c,copado__Artifact_Version__c,Lookup,True,0..1,0..N,copado__Package_Version__r,copado__Bundled_Stories__r,False,False
copado__Bundled_Story__c,copado__User_Story__c,copado__User_Story__c,Lookup,True,0..1,0..N,copado__User_Story__r,copado__Bundled_Stories__r,False,False
